{
  "_source": "synthetic placeholder; Gompertz approximation of UK-ONS-2020-cohort cohort table; replace with authoritative cohort table before production",
  "_country": "UK-ONS-2020-cohort",
  "_modal_age_M": 86,
  "_modal_age_F": 89,
  "_dispersion": 10,
  "ages": [
    0,
    1,
    2,
    3,
    4,
    5,
    6,
    7,
    8,
    9,
    10,
    11,
    12,
    13,
    14,
    15,
    16,
    17,
    18,
    19,
    20,
    21,
    22,
    23,
    24,
    25,
    26,
    27,
    28,
    29,
    30,
    31,
    32,
    33,
    34,
    35,
    36,
    37,
    38,
    39,
    40,
    41,
    42,
    43,
    44,
    45,
    46,
    47,
    48,
    49,
    50,
    51,
    52,
    53,
    54,
    55,
    56,
    57,
    58,
    59,
    60,
    61,
    62,
    63,
    64,
    65,
    66,
    67,
    68,
    69,
    70,
    71,
    72,
    73,
    74,
    75,
    76,
    77,
    78,
    79,
    80,
    81,
    82,
    83,
    84,
    85,
    86,
    87,
    88,
    89,
    90,
    91,
    92,
    93,
    94,
    95,
    96,
    97,
    98,
    99,
    100,
    101,
    102,
    103,
    104,
    105,
    106,
    107,
    108,
    109,
    110,
    111,
    112,
    113,
    114,
    115,
    116,
    117,
    118,
    119,
    120
  ],
  "survival": {
    "M": [
      1,
      0.999981,
      0.999959,
      0.999936,
      0.999909,
      0.999881,
      0.999849,
      0.999813,
      0.999774,
      0.999731,
      0.999684,
      0.999631,
      0.999573,
      0.999509,
      0.999438,
      0.999359,
      0.999272,
      0.999177,
      0.999071,
      0.998954,
      0.998824,
      0.998682,
      0.998524,
      0.998349,
      0.998156,
      0.997943,
      0.997708,
      0.997448,
      0.997161,
      0.996843,
      0.996492,
      0.996105,
      0.995677,
      0.995204,
      0.994682,
      0.994105,
      0.993468,
      0.992764,
      0.991987,
      0.991128,
      0.990181,
      0.989135,
      0.98798,
      0.986705,
      0.985298,
      0.983745,
      0.982032,
      0.980142,
      0.978058,
      0.975759,
      0.973225,
      0.970433,
      0.967356,
      0.963966,
      0.960234,
      0.956126,
      0.951607,
      0.946637,
      0.941175,
      0.935175,
      0.928589,
      0.921363,
      0.913443,
      0.90477,
      0.89528,
      0.884907,
      0.873584,
      0.861238,
      0.847796,
      0.833185,
      0.81733,
      0.800158,
      0.781599,
      0.761589,
      0.74007,
      0.716995,
      0.692328,
      0.666053,
      0.638174,
      0.608717,
      0.577742,
      0.54534,
      0.511639,
      0.476811,
      0.441072,
      0.404682,
      0.367947,
      0.331215,
      0.294871,
      0.259325,
      0.225003,
      0.192331,
      0.161713,
      0.133511,
      0.108029,
      0.085485,
      0.066,
      0.049589,
      0.036155,
      0.025499,
      0.017335,
      0.011316,
      0.007063,
      0.004195,
      0.002359,
      0.001249,
      0.000618,
      0.000284,
      0.00012,
      0.000047,
      0.000016,
      0.000005,
      0.000001,
      0,
      0,
      0,
      0,
      0,
      0,
      0,
      0
    ],
    "F": [
      1,
      0.999986,
      0.99997,
      0.999952,
      0.999933,
      0.999912,
      0.999888,
      0.999862,
      0.999833,
      0.999801,
      0.999766,
      0.999727,
      0.999684,
      0.999636,
      0.999583,
      0.999525,
      0.999461,
      0.99939,
      0.999312,
      0.999225,
      0.999129,
      0.999023,
      0.998906,
      0.998777,
      0.998634,
      0.998476,
      0.998302,
      0.998109,
      0.997896,
      0.99766,
      0.9974,
      0.997113,
      0.996796,
      0.996445,
      0.996057,
      0.995629,
      0.995157,
      0.994634,
      0.994057,
      0.99342,
      0.992716,
      0.991939,
      0.991081,
      0.990134,
      0.989087,
      0.987932,
      0.986658,
      0.985251,
      0.983698,
      0.981985,
      0.980095,
      0.978011,
      0.975713,
      0.973179,
      0.970386,
      0.967309,
      0.96392,
      0.960188,
      0.956081,
      0.951562,
      0.946592,
      0.94113,
      0.935131,
      0.928544,
      0.921319,
      0.9134,
      0.904727,
      0.895237,
      0.884865,
      0.873542,
      0.861197,
      0.847756,
      0.833145,
      0.817291,
      0.80012,
      0.781562,
      0.761553,
      0.740035,
      0.71696,
      0.692295,
      0.666022,
      0.638143,
      0.608688,
      0.577715,
      0.545314,
      0.511615,
      0.476789,
      0.441051,
      0.404663,
      0.36793,
      0.331199,
      0.294857,
      0.259312,
      0.224992,
      0.192322,
      0.161705,
      0.133505,
      0.108024,
      0.085481,
      0.065997,
      0.049587,
      0.036154,
      0.025498,
      0.017334,
      0.011316,
      0.007063,
      0.004195,
      0.002359,
      0.001249,
      0.000618,
      0.000284,
      0.00012,
      0.000047,
      0.000016,
      0.000005,
      0.000001,
      0,
      0,
      0,
      0,
      0
    ]
  }
}