{
  "_source": "synthetic placeholder; Gompertz approximation of US-SSA-2020-cohort cohort table; replace with authoritative cohort table before production",
  "_country": "US-SSA-2020-cohort",
  "_modal_age_M": 85,
  "_modal_age_F": 88,
  "_dispersion": 10,
  "ages": [
    0,
    1,
    2,
    3,
    4,
    5,
    6,
    7,
    8,
    9,
    10,
    11,
    12,
    13,
    14,
    15,
    16,
    17,
    18,
    19,
    20,
    21,
    22,
    23,
    24,
    25,
    26,
    27,
    28,
    29,
    30,
    31,
    32,
    33,
    34,
    35,
    36,
    37,
    38,
    39,
    40,
    41,
    42,
    43,
    44,
    45,
    46,
    47,
    48,
    49,
    50,
    51,
    52,
    53,
    54,
    55,
    56,
    57,
    58,
    59,
    60,
    61,
    62,
    63,
    64,
    65,
    66,
    67,
    68,
    69,
    70,
    71,
    72,
    73,
    74,
    75,
    76,
    77,
    78,
    79,
    80,
    81,
    82,
    83,
    84,
    85,
    86,
    87,
    88,
    89,
    90,
    91,
    92,
    93,
    94,
    95,
    96,
    97,
    98,
    99,
    100,
    101,
    102,
    103,
    104,
    105,
    106,
    107,
    108,
    109,
    110,
    111,
    112,
    113,
    114,
    115,
    116,
    117,
    118,
    119,
    120
  ],
  "survival": {
    "M": [
      1,
      0.999979,
      0.999955,
      0.999929,
      0.9999,
      0.999868,
      0.999833,
      0.999794,
      0.999751,
      0.999703,
      0.99965,
      0.999592,
      0.999528,
      0.999457,
      0.999379,
      0.999292,
      0.999196,
      0.99909,
      0.998973,
      0.998844,
      0.998701,
      0.998543,
      0.998368,
      0.998176,
      0.997963,
      0.997727,
      0.997467,
      0.99718,
      0.996862,
      0.996512,
      0.996124,
      0.995696,
      0.995223,
      0.994701,
      0.994124,
      0.993487,
      0.992783,
      0.992006,
      0.991148,
      0.9902,
      0.989154,
      0.987999,
      0.986724,
      0.985317,
      0.983764,
      0.982051,
      0.980161,
      0.978077,
      0.975778,
      0.973244,
      0.970451,
      0.967374,
      0.963985,
      0.960253,
      0.956145,
      0.951626,
      0.946656,
      0.941193,
      0.935193,
      0.928607,
      0.921381,
      0.913461,
      0.904787,
      0.895297,
      0.884924,
      0.873601,
      0.861255,
      0.847813,
      0.833201,
      0.817346,
      0.800174,
      0.781615,
      0.761604,
      0.740085,
      0.717008,
      0.692341,
      0.666066,
      0.638186,
      0.608729,
      0.577753,
      0.54535,
      0.511649,
      0.476821,
      0.441081,
      0.40469,
      0.367954,
      0.331222,
      0.294876,
      0.25933,
      0.225008,
      0.192335,
      0.161716,
      0.133514,
      0.108031,
      0.085486,
      0.066001,
      0.04959,
      0.036156,
      0.0255,
      0.017336,
      0.011317,
      0.007063,
      0.004195,
      0.002359,
      0.001249,
      0.000618,
      0.000284,
      0.00012,
      0.000047,
      0.000016,
      0.000005,
      0.000001,
      0,
      0,
      0,
      0,
      0,
      0,
      0,
      0,
      0
    ],
    "F": [
      1,
      0.999984,
      0.999967,
      0.999947,
      0.999926,
      0.999902,
      0.999876,
      0.999847,
      0.999815,
      0.99978,
      0.999741,
      0.999698,
      0.99965,
      0.999598,
      0.99954,
      0.999475,
      0.999404,
      0.999326,
      0.999239,
      0.999143,
      0.999037,
      0.99892,
      0.998791,
      0.998648,
      0.99849,
      0.998316,
      0.998123,
      0.99791,
      0.997675,
      0.997415,
      0.997127,
      0.99681,
      0.996459,
      0.996072,
      0.995644,
      0.995171,
      0.994649,
      0.994072,
      0.993434,
      0.992731,
      0.991954,
      0.991095,
      0.990148,
      0.989102,
      0.987947,
      0.986672,
      0.985265,
      0.983712,
      0.981999,
      0.980109,
      0.978025,
      0.975727,
      0.973193,
      0.9704,
      0.967323,
      0.963934,
      0.960202,
      0.956095,
      0.951575,
      0.946606,
      0.941144,
      0.935144,
      0.928558,
      0.921333,
      0.913413,
      0.90474,
      0.89525,
      0.884878,
      0.873555,
      0.861209,
      0.847768,
      0.833157,
      0.817303,
      0.800131,
      0.781573,
      0.761564,
      0.740046,
      0.716971,
      0.692305,
      0.666031,
      0.638152,
      0.608697,
      0.577723,
      0.545321,
      0.511622,
      0.476796,
      0.441058,
      0.404669,
      0.367935,
      0.331204,
      0.294861,
      0.259316,
      0.224996,
      0.192325,
      0.161707,
      0.133507,
      0.108025,
      0.085482,
      0.065998,
      0.049588,
      0.036154,
      0.025498,
      0.017335,
      0.011316,
      0.007063,
      0.004195,
      0.002359,
      0.001249,
      0.000618,
      0.000284,
      0.00012,
      0.000047,
      0.000016,
      0.000005,
      0.000001,
      0,
      0,
      0,
      0,
      0,
      0
    ]
  }
}